rank	motif_DB	motif_ID	motif_alt_ID	consensus	p-value	adj_p-value	E-value	tests	FASTA_max	pos	neg	PWM_min	TP	%TP	FP	%FP
1	JASPAR2018_CORE_non-redundant.meme	MA0493.1	Klf1	RRCCACACCCW	5.10e-126	3.93e-123	5.52e-120	771	904	904	1808	3.38	410	45.35	112	6.19
2	JASPAR2018_CORE_non-redundant.meme	MA1107.1	KLF9	VSCCACACCCACH	1.09e-95	7.89e-93	1.11e-89	726	904	904	1808	1.64	405	44.80	170	9.40
3	JASPAR2018_CORE_non-redundant.meme	MA0599.1	KLF5	GCCCCDCCCH	1.59e-86	1.49e-83	2.10e-80	938	904	904	1808	1.52	504	55.75	329	18.20
4	JASPAR2018_CORE_non-redundant.meme	MA0742.1	Klf12	GRCCACGCCCWHHWH	2.92e-85	1.03e-82	1.45e-79	353	904	904	1808	1.04	283	31.31	69	3.82
5	JASPAR2018_CORE_non-redundant.meme	MA0746.1	SP3	VCCACGCCCMC	4.71e-75	4.99e-72	7.01e-69	1060	904	904	1808	1.64	459	50.77	301	16.65
6	JASPAR2018_CORE_non-redundant.meme	MA0039.3	KLF4	MCACACCCTNN	1.62e-72	1.35e-69	1.89e-66	835	904	904	1808	2.87	335	37.06	148	8.19
7	JASPAR2018_CORE_non-redundant.meme	MA0140.2	GATA1::TAL1	MTTATCWSNNNNNHVCAG	7.91e-55	3.38e-52	4.74e-49	427	904	904	1808	3.28	204	22.57	58	3.21
8	JASPAR2018_CORE_non-redundant.meme	MA0036.3	GATA2	NBCTTATCTNH	3.34e-51	2.32e-48	3.26e-45	696	904	904	1808	1.1	375	41.48	268	14.82
9	JASPAR2018_CORE_non-redundant.meme	MA0037.3	GATA3	WGATAASR	1.42e-50	1.04e-47	1.46e-44	734	904	904	1808	1.02	408	45.13	319	17.64
10	JASPAR2018_CORE_non-redundant.meme	MA0766.1	GATA5	WGATAASR	2.45e-48	2.05e-45	2.88e-42	837	904	904	1808	1.2	378	41.81	284	15.71
11	JASPAR2018_CORE_non-redundant.meme	MA0035.3	Gata1	TYCTTATCTSY	9.20e-44	4.79e-41	6.73e-38	521	904	904	1808	1.05	308	34.07	205	11.34
12	JASPAR2018_CORE_non-redundant.meme	MA1104.1	GATA6	NDNAGATAAGADD	1.52e-43	9.26e-41	1.30e-37	609	904	904	1808	1.3	299	33.08	194	10.73
13	JASPAR2018_CORE_non-redundant.meme	MA0482.1	Gata4	YCTTATCTSHB	1.51e-40	7.93e-38	1.11e-34	524	904	904	1808	1.03	306	33.85	215	11.89
14	JASPAR2018_CORE_non-redundant.meme	MA0309.1	GZF3	YGATAASR	4.39e-40	2.80e-37	3.94e-34	639	904	904	1808	1.16	327	36.17	246	13.61
15	JASPAR2018_CORE_non-redundant.meme	MA0270.1	AFT2	SACACCCB	2.24e-38	1.85e-35	2.60e-32	829	904	904	1808	1.99	354	39.16	293	16.21
16	JASPAR2018_CORE_non-redundant.meme	MA0300.1	GAT1	YYGATAAG	2.25e-37	1.12e-34	1.57e-31	497	904	904	1808	1.12	283	31.31	197	10.90
17	JASPAR2018_CORE_non-redundant.meme	MA0079.3	SP1	GCCCCKCCCCC	3.56e-37	2.83e-34	3.97e-31	795	904	904	1808	2.45	313	34.62	239	13.22
18	JASPAR2018_CORE_non-redundant.meme	MA0289.1	DAL80	CGATAAG	3.54e-36	1.77e-33	2.49e-30	501	904	904	1808	1.07	286	31.64	206	11.39
19	JASPAR2018_CORE_non-redundant.meme	MA0747.1	SP8	RCCACGCCCMCY	4.39e-36	3.42e-33	4.80e-30	779	904	904	1808	1.22	365	40.38	321	17.75
20	JASPAR2018_CORE_non-redundant.meme	MA0516.1	SP2	GYCCCGCCYCYBSSS	2.82e-34	1.88e-31	2.64e-28	667	904	904	1808	2.99	249	27.54	165	9.13
21	JASPAR2018_CORE_non-redundant.meme	MA0741.1	KLF16	GMCACGCCCCC	4.81e-34	3.37e-31	4.73e-28	700	904	904	1808	1.78	280	30.97	207	11.45
22	JASPAR2018_CORE_non-redundant.meme	MA0528.1	ZNF263	GGAGGAGGRRGRGGRGGRRGR	1.34e-29	1.14e-26	1.59e-23	845	904	904	1808	1.2	400	44.25	414	22.90
23	JASPAR2018_CORE_non-redundant.meme	MA0450.1	hkb	KGGGCGTGA	5.23e-27	1.20e-24	1.68e-21	229	904	904	1808	1.08	151	16.70	75	4.15
24	JASPAR2018_CORE_non-redundant.meme	MA0307.1	GLN3	GATAA	5.19e-25	3.99e-22	5.60e-19	769	904	904	1808	1.15	279	30.86	250	13.83
25	JASPAR2018_CORE_non-redundant.meme	MA0740.1	KLF14	KRCCACGCCCMCYT	1.27e-23	3.04e-21	4.27e-18	240	904	904	1808	1.7	125	13.83	58	3.21
26	JASPAR2018_CORE_non-redundant.meme	MA0443.1	btd	RRGGGGCGKR	9.90e-24	4.55e-21	6.39e-18	460	904	904	1808	1.28	221	24.45	174	9.62
27	JASPAR2018_CORE_non-redundant.meme	MA0543.1	eor-1	RRAGAGASRSAGAGA	2.21e-20	1.42e-17	1.99e-14	640	904	904	1808	1.08	307	33.96	322	17.81
28	JASPAR2018_CORE_non-redundant.meme	MA0346.1	NHP6B	YNTHHYWATATATWWWRDDN	5.26e-19	3.42e-16	4.80e-13	650	904	904	1808	1.11	286	31.64	298	16.48
29	JASPAR2018_CORE_non-redundant.meme	MA0542.1	elt-3	TCTTATCA	3.77e-17	8.93e-15	1.25e-11	237	904	904	1808	1.36	137	15.15	95	5.25
30	JASPAR2018_CORE_non-redundant.meme	MA0685.1	SP4	BWRGCCACGCCCMCTYH	1.52e-15	1.42e-13	2.00e-10	94	904	904	1808	3.07	45	4.98	7	0.39
31	JASPAR2018_CORE_non-redundant.meme	MA0120.1	id1	TTKYYYYTHBCG	1.43e-16	1.46e-13	2.05e-10	1018	904	904	1808	1.05	419	46.35	546	30.20
32	JASPAR2018_CORE_non-redundant.meme	MA0334.1	MET32	MGCCACA	2.00e-16	2.11e-13	2.96e-10	1057	904	904	1808	1.24	363	40.15	447	24.72
33	JASPAR2018_CORE_non-redundant.meme	MA1192.1	At5g58900	WDWRGATAAGRTTWD	3.05e-15	9.76e-13	1.37e-9	320	904	904	1808	1.11	164	18.14	140	7.74
34	JASPAR2018_CORE_non-redundant.meme	MA1103.1	FOXK2	WDGTAAACANV	5.30e-15	2.58e-12	3.63e-9	487	904	904	1808	1.04	229	25.33	237	13.11
35	JASPAR2018_CORE_non-redundant.meme	MA0356.1	PHO2	WTAWTW	3.94e-14	2.92e-11	4.10e-8	742	904	904	1808	1.42	208	23.01	211	11.67
36	JASPAR2018_CORE_non-redundant.meme	MA1274.1	OBP3	TTTWCTTTTTHHYTTTTTTTT	8.20e-14	4.69e-11	6.58e-8	572	904	904	1808	1.29	253	27.99	284	15.71
37	JASPAR2018_CORE_non-redundant.meme	MA0045.1	HMG-I/Y	VWAVAAAHRVMRAMAY	7.91e-14	6.76e-11	9.49e-8	855	904	904	1808	1.06	359	39.71	464	25.66
38	JASPAR2018_CORE_non-redundant.meme	MA1186.1	At1g49010	HWWAWYCTTATCYWH	2.68e-13	1.18e-10	1.66e-7	440	904	904	1808	1.07	208	23.01	217	12.00
39	JASPAR2018_CORE_non-redundant.meme	MA0537.1	blmp-1	RAAAGWGARAR	3.08e-13	2.18e-10	3.06e-7	709	904	904	1808	1.48	266	29.42	310	17.15
40	JASPAR2018_CORE_non-redundant.meme	MA1268.1	AT1G69570	TTTTYACTTTTTYTTTTTTTTTTTTTW	6.85e-13	2.66e-10	3.73e-7	388	904	904	1808	1.49	187	20.69	188	10.40
41	JASPAR2018_CORE_non-redundant.meme	MA0345.1	NHP6A	NWDHHYWMTATATAAWWWWDH	8.15e-13	3.95e-10	5.54e-7	484	904	904	1808	1.05	228	25.22	252	13.94
42	JASPAR2018_CORE_non-redundant.meme	MA0538.1	daf-12	GWGYGYGTGTGYGTB	4.99e-12	1.15e-9	1.61e-6	230	904	904	1808	2.69	85	9.40	54	2.99
43	JASPAR2018_CORE_non-redundant.meme	MA0847.1	FOXD2	GTAAACA	2.87e-12	2.15e-9	3.02e-6	748	904	904	1808	1.02	319	35.29	409	22.62
44	JASPAR2018_CORE_non-redundant.meme	MA1399.1	At5g08520	DWWDWRGATAAGR	1.59e-11	4.50e-9	6.32e-6	283	904	904	1808	1.03	146	16.15	137	7.58
45	JASPAR2018_CORE_non-redundant.meme	MA0436.1	YPR022C	CCCCACN	5.55e-12	6.18e-9	8.68e-6	1114	904	904	1808	3.14	249	27.54	293	16.21
46	JASPAR2018_CORE_non-redundant.meme	MA0377.1	SFL1	WHVHDNATMGAAGAAAWAWWW	9.94e-12	6.50e-9	9.12e-6	654	904	904	1808	1.08	274	30.31	337	18.64
47	JASPAR2018_CORE_non-redundant.meme	MA0929.1	NCU00019	NNDGTAAAYAHA	9.48e-12	6.59e-9	9.25e-6	695	904	904	1808	1.36	225	24.89	256	14.16
48	JASPAR2018_CORE_non-redundant.meme	MA1188.1	At3g11280	AWYCTTATCTTHWY	2.08e-11	8.68e-9	1.22e-5	417	904	904	1808	1.03	198	21.90	216	11.95
49	JASPAR2018_CORE_non-redundant.meme	MA1281.1	AT5G02460	RAAAAAGWAAAAARAAAAARA	2.28e-11	1.24e-8	1.74e-5	543	904	904	1808	1.28	231	25.55	269	14.88
50	JASPAR2018_CORE_non-redundant.meme	MA0333.1	MET31	RNTGTGGCG	2.27e-11	1.36e-8	1.90e-5	597	904	904	1808	3.61	95	10.51	69	3.82
51	JASPAR2018_CORE_non-redundant.meme	MA1267.1	AT5G66940	WHTTTTTTHYTTTTTACTTTTTNHTTTWW	3.99e-11	1.80e-8	2.52e-5	450	904	904	1808	5.79	105	11.62	83	4.59
52	JASPAR2018_CORE_non-redundant.meme	MA1278.1	OBP1	HHYYTTYTTTTTTWVCTTTTT	6.44e-11	5.07e-8	7.12e-5	787	904	904	1808	2.69	198	21.90	220	12.17
53	JASPAR2018_CORE_non-redundant.meme	MA0845.1	FOXB1	WATGTAAATAT	1.47e-10	5.69e-8	7.98e-5	387	904	904	1808	1.02	184	20.35	201	11.12
54	JASPAR2018_CORE_non-redundant.meme	MA0458.1	slp1	DTGTTTAYRYW	1.68e-10	1.00e-7	1.41e-4	598	904	904	1808	1.03	261	28.87	327	18.09
55	JASPAR2018_CORE_non-redundant.meme	MA0846.1	FOXC2	WAWGTAAACAWW	2.08e-10	1.11e-7	1.56e-4	533	904	904	1808	1.02	239	26.44	291	16.10
56	JASPAR2018_CORE_non-redundant.meme	MA0033.2	FOXL1	RTAAACA	2.17e-10	1.13e-7	1.59e-4	523	904	904	1808	1.15	217	24.00	255	14.10
57	JASPAR2018_CORE_non-redundant.meme	MA0425.1	YGR067C	VCCCCDCNNNNNNN	9.15e-11	1.16e-7	1.63e-4	1268	904	904	1808	5.49	83	9.18	57	3.15
58	JASPAR2018_CORE_non-redundant.meme	MA0733.1	EGR4	NHMCGCCCACGCAHWT	5.64e-10	1.53e-7	2.15e-4	271	904	904	1808	1.59	95	10.51	76	4.20
59	JASPAR2018_CORE_non-redundant.meme	MA0933.1	AHL20	AATTAAWT	3.89e-10	2.33e-7	3.27e-4	599	904	904	1808	1.03	260	28.76	329	18.20
60	JASPAR2018_CORE_non-redundant.meme	MA0015.1	Cf2	RTATATRTAB	1.37e-9	2.63e-7	3.69e-4	192	904	904	1808	1.25	81	8.96	60	3.32
61	JASPAR2018_CORE_non-redundant.meme	MA1272.1	AT2G28810	TTYTTTTTTTTTWACTTTTTB	4.95e-10	2.88e-7	4.05e-4	583	904	904	1808	9.18	77	8.52	53	2.93
62	JASPAR2018_CORE_non-redundant.meme	MA0073.1	RREB1	CCCCMAAMCAMCCMCMMMCV	3.31e-9	3.94e-7	5.53e-4	119	904	904	1808	2.42	56	6.19	32	1.77
63	JASPAR2018_CORE_non-redundant.meme	MA0108.2	TBP	STATAAAWRSVVVBN	1.37e-9	5.08e-7	7.14e-4	371	904	904	1808	1.15	147	16.26	152	8.41
64	JASPAR2018_CORE_non-redundant.meme	MA1194.1	AT3G10580	RDWDWRGATAAGVWT	1.85e-9	5.41e-7	7.60e-4	293	904	904	1808	1.07	141	15.60	144	7.96
65	JASPAR2018_CORE_non-redundant.meme	MA0850.1	FOXP3	RTAAACA	7.39e-10	6.04e-7	8.49e-4	818	904	904	1808	1.01	338	37.39	469	25.94
66	JASPAR2018_CORE_non-redundant.meme	MA0002.2	RUNX1	BBYTGTGGTTT	6.03e-10	6.09e-7	8.55e-4	1011	904	904	1808	1.14	372	41.15	530	29.31
67	JASPAR2018_CORE_non-redundant.meme	MA0259.1	ARNT::HIF1A	VBACGTGC	3.02e-9	7.78e-7	1.09e-3	258	904	904	1808	1.07	125	13.83	122	6.75
68	JASPAR2018_CORE_non-redundant.meme	MA0517.1	STAT1::STAT2	THAGTTTCRKTTTCY	3.25e-9	8.69e-7	1.22e-3	267	904	904	1808	1.07	131	14.49	131	7.25
69	JASPAR2018_CORE_non-redundant.meme	MA1277.1	Adof1	AAAAAVAAAAAGTARAAAAWR	1.42e-9	9.18e-7	1.29e-3	647	904	904	1808	3	164	18.14	178	9.85
70	JASPAR2018_CORE_non-redundant.meme	MA0934.1	AHL25	AWTTAAWT	1.79e-9	1.02e-6	1.43e-3	567	904	904	1808	1.42	197	21.79	231	12.78
71	JASPAR2018_CORE_non-redundant.meme	MA0481.2	FOXP1	NDGTAAACAGNN	2.26e-9	1.09e-6	1.54e-3	483	904	904	1808	1.25	170	18.81	189	10.45
72	JASPAR2018_CORE_non-redundant.meme	MA0050.2	IRF1	NTTYASTTTCACTTTCDBTTT	4.37e-9	1.10e-6	1.54e-3	251	904	904	1808	1.32	118	13.05	113	6.25
73	JASPAR2018_CORE_non-redundant.meme	MA0032.2	FOXC1	WAWGTAAAYAW	2.41e-9	1.13e-6	1.58e-3	468	904	904	1808	1.02	211	23.34	255	14.10
74	JASPAR2018_CORE_non-redundant.meme	MA0386.1	SPT15	VHHTAGNWATATATATWSVHN	9.20e-9	1.17e-6	1.64e-3	127	904	904	1808	1.06	73	8.08	54	2.99
75	JASPAR2018_CORE_non-redundant.meme	MA0233.1	mirr	WAACA	9.90e-10	1.25e-6	1.76e-3	1265	904	904	1808	1.05	468	51.77	715	39.55
76	JASPAR2018_CORE_non-redundant.meme	MA0471.1	E2F6	RGGCGGGARRV	4.17e-9	1.69e-6	2.37e-3	405	904	904	1808	3.55	116	12.83	110	6.08
77	JASPAR2018_CORE_non-redundant.meme	MA0013.1	br(var.4)	TWRTAAACWAW	2.52e-9	1.74e-6	2.45e-3	691	904	904	1808	1.23	255	28.21	329	18.20
78	JASPAR2018_CORE_non-redundant.meme	MA0285.1	CRZ1	CNVMGCCHC	1.36e-9	1.79e-6	2.52e-3	1316	904	904	1808	1.34	389	43.03	566	31.31
79	JASPAR2018_CORE_non-redundant.meme	MA0210.1	ara	WAACA	1.51e-9	1.80e-6	2.53e-3	1199	904	904	1808	1.02	458	50.66	698	38.61
80	JASPAR2018_CORE_non-redundant.meme	MA0852.2	FOXK1	NRDGTAAACAAGNN	4.31e-9	1.97e-6	2.76e-3	457	904	904	1808	1.3	164	18.14	182	10.07
81	JASPAR2018_CORE_non-redundant.meme	MA1279.1	COG1	RWAAAAADDAAAAAGTRAAAA	5.18e-9	2.97e-6	4.17e-3	574	904	904	1808	6.74	91	10.07	76	4.20
82	JASPAR2018_CORE_non-redundant.meme	MA0339.1	MIG3	CCCCRCV	2.94e-9	3.06e-6	4.29e-3	1041	904	904	1808	1.77	254	28.10	328	18.14
83	JASPAR2018_CORE_non-redundant.meme	MA0480.1	Foxo1	TSYTGTTTACH	6.23e-9	3.18e-6	4.46e-3	510	904	904	1808	2.43	137	15.15	142	7.85
84	JASPAR2018_CORE_non-redundant.meme	MA1380.1	AT2G20110	WTTTAAATTTTTWAA	1.70e-8	3.24e-6	4.55e-3	191	904	904	1808	1.08	99	10.95	90	4.98
85	JASPAR2018_CORE_non-redundant.meme	MA1233.1	AT1G71450	CDCCRCCRCCDCCRCCGYCR	1.70e-8	3.24e-6	4.55e-3	191	904	904	1808	1.12	99	10.95	90	4.98
86	JASPAR2018_CORE_non-redundant.meme	MA0332.1	MET28	CTGTGG	3.86e-9	3.28e-6	4.61e-3	850	904	904	1808	4.37	255	28.21	331	18.31
87	JASPAR2018_CORE_non-redundant.meme	MA0199.1	Optix	TGATA	5.71e-9	4.00e-6	5.62e-3	701	904	904	1808	2.06	73	8.08	53	2.93
88	JASPAR2018_CORE_non-redundant.meme	MA0041.1	Foxd3	GWWTGTTTDTTT	9.73e-9	4.43e-6	6.22e-3	455	904	904	1808	1.79	138	15.27	145	8.02
89	JASPAR2018_CORE_non-redundant.meme	MA0497.1	MEF2C	DDDCYAAAAATAGMW	1.47e-8	4.75e-6	6.67e-3	323	904	904	1808	1.96	100	11.06	91	5.03
90	JASPAR2018_CORE_non-redundant.meme	MA0931.1	ABI5	NGMCACGTGK	4.39e-8	5.18e-6	7.28e-3	118	904	904	1808	1.34	59	6.53	40	2.21
91	JASPAR2018_CORE_non-redundant.meme	MA0940.1	AP1	MYAAAAAWRGAAA	7.46e-9	5.63e-6	7.91e-3	755	904	904	1808	1.33	252	27.88	329	18.20
92	JASPAR2018_CORE_non-redundant.meme	MA0851.1	Foxj3	NDAADGTAAACAAANNM	2.18e-8	7.39e-6	1.04e-2	339	904	904	1808	1.08	155	17.15	174	9.62
93	JASPAR2018_CORE_non-redundant.meme	MA0398.1	SUM1	AWWATTTTT	1.31e-8	9.28e-6	1.30e-2	710	904	904	1808	1.06	282	31.19	384	21.24
94	JASPAR2018_CORE_non-redundant.meme	MA0379.1	MOT2	ATATA	2.75e-8	1.30e-5	1.83e-2	472	904	904	1808	1.79	110	12.17	107	5.92
95	JASPAR2018_CORE_non-redundant.meme	MA0464.2	BHLHE40	VKCACGTGMC	2.01e-7	1.33e-5	1.86e-2	66	904	904	1808	1.11	39	4.31	20	1.11
96	JASPAR2018_CORE_non-redundant.meme	MA1240.1	ERF10	NCCDCCNYCDCCGCCGCCRYH	1.72e-7	1.34e-5	1.89e-2	78	904	904	1808	2.39	30	3.32	11	0.61
97	JASPAR2018_CORE_non-redundant.meme	MA0603.1	Arntl	NGTCACGTGH	8.94e-8	1.48e-5	2.08e-2	166	904	904	1808	3.48	33	3.65	13	0.72
98	JASPAR2018_CORE_non-redundant.meme	MA0277.1	AZF1	AAAAAGAAA	1.80e-8	1.62e-5	2.27e-2	900	904	904	1808	2.98	185	20.46	221	12.22
99	JASPAR2018_CORE_non-redundant.meme	MA0081.1	SPIB	WGMGGAA	1.69e-8	1.95e-5	2.73e-2	1151	904	904	1808	1.61	311	34.40	437	24.17
100	JASPAR2018_CORE_non-redundant.meme	MA0657.1	KLF13	RTGMCACGCCCCTTTTTG	3.33e-7	2.30e-5	3.23e-2	69	904	904	1808	1.17	42	4.65	24	1.33
101	JASPAR2018_CORE_non-redundant.meme	MA0136.2	ELF5	AMSMGGAAGTD	3.74e-8	2.37e-5	3.32e-2	633	904	904	1808	1.15	241	26.66	318	17.59
102	JASPAR2018_CORE_non-redundant.meme	MA0506.1	NRF1	GCGCVTGCGCR	2.49e-7	2.67e-5	3.74e-2	107	904	904	1808	43.4	16	1.77	1	0.06
103	JASPAR2018_CORE_non-redundant.meme	MA0601.1	Arid3b	ATATTAATWAN	6.52e-8	3.38e-5	4.75e-2	519	904	904	1808	1.19	195	21.57	243	13.44
104	JASPAR2018_CORE_non-redundant.meme	MA0786.1	POU3F1	WTATGCWAATKW	8.51e-8	3.39e-5	4.75e-2	398	904	904	1808	1.03	176	19.47	213	11.78
105	JASPAR2018_CORE_non-redundant.meme	MA1109.1	NEUROD1	NRACAGATGGYNN	5.78e-8	3.70e-5	5.19e-2	640	904	904	1808	1.59	185	20.46	226	12.50
106	JASPAR2018_CORE_non-redundant.meme	MA1122.1	TFDP1	VSGCGGGAAVN	1.88e-7	4.00e-5	5.62e-2	213	904	904	1808	1.19	92	10.18	87	4.81
107	JASPAR2018_CORE_non-redundant.meme	MA0941.1	ABF2	NNNDACACGTGDN	2.55e-7	4.00e-5	5.62e-2	157	904	904	1808	1.13	71	7.85	59	3.26
108	JASPAR2018_CORE_non-redundant.meme	MA0283.1	CHA4	GGCGGAGW	1.42e-7	5.00e-5	7.02e-2	353	904	904	1808	1.16	151	16.70	175	9.68
109	JASPAR2018_CORE_non-redundant.meme	MA0626.1	Npas2	NSCACGTGTN	2.76e-7	6.44e-5	9.04e-2	233	904	904	1808	1.23	94	10.40	91	5.03
110	JASPAR2018_CORE_non-redundant.meme	MA0968.1	bZIP68	HNACGTGKM	8.17e-8	6.86e-5	9.62e-2	839	904	904	1808	1.32	137	15.15	151	8.35
111	JASPAR2018_CORE_non-redundant.meme	MA0399.1	SUT1	CGCGGGG	2.77e-7	7.31e-5	1.03e-1	264	904	904	1808	1.02	123	13.61	134	7.41
112	JASPAR2018_CORE_non-redundant.meme	MA0979.1	ERF008	CRCCGMCS	4.44e-7	8.48e-5	1.19e-1	191	904	904	1808	2.71	46	5.09	29	1.60
113	JASPAR2018_CORE_non-redundant.meme	MA0593.1	FOXP2	RWGTAAACAVR	2.66e-7	9.35e-5	1.31e-1	351	904	904	1808	3.99	82	9.07	74	4.09
114	JASPAR2018_CORE_non-redundant.meme	MA0026.1	Eip74EF	CCGGAAR	1.28e-7	1.01e-4	1.41e-1	785	904	904	1808	1.27	266	29.42	368	20.35
115	JASPAR2018_CORE_non-redundant.meme	MA1257.1	ERF9	YGGCGGHKRYGGCGGCGGMGR	1.66e-6	1.06e-4	1.49e-1	64	904	904	1808	1.34	36	3.98	20	1.11
116	JASPAR2018_CORE_non-redundant.meme	MA0792.1	POU5F1B	TATGCWAAT	2.27e-7	1.09e-4	1.54e-1	483	904	904	1808	1.59	130	14.38	144	7.96
117	JASPAR2018_CORE_non-redundant.meme	MA0514.1	Sox3	CCTTTGTYYY	1.88e-7	1.17e-4	1.65e-1	624	904	904	1808	1.12	250	27.65	342	18.92
118	JASPAR2018_CORE_non-redundant.meme	MA0281.1	CBF1	GCACGTGA	1.38e-6	1.24e-4	1.74e-1	90	904	904	1808	3.1	39	4.31	23	1.27
119	JASPAR2018_CORE_non-redundant.meme	MA0042.2	FOXI1	GTAAACA	3.09e-7	1.37e-4	1.93e-1	444	904	904	1808	1.49	126	13.94	139	7.69
120	JASPAR2018_CORE_non-redundant.meme	MA1231.1	ERF15	CDCCDCCGCCGCCRY	1.80e-6	1.64e-4	2.30e-1	91	904	904	1808	2.72	26	2.88	10	0.55
121	JASPAR2018_CORE_non-redundant.meme	MA0664.1	MLXIPL	RTCACGTGAT	1.83e-6	1.74e-4	2.45e-1	95	904	904	1808	2.49	34	3.76	18	1.00
122	JASPAR2018_CORE_non-redundant.meme	MA1074.1	UNE10	CCACGTGM	2.09e-6	1.92e-4	2.70e-1	92	904	904	1808	5.72	41	4.54	26	1.44
123	JASPAR2018_CORE_non-redundant.meme	MA0148.3	FOXA1	YNBNTGTTTACWYWD	5.66e-7	2.16e-4	3.03e-1	382	904	904	1808	1.04	169	18.69	210	11.62
124	JASPAR2018_CORE_non-redundant.meme	MA0088.2	ZNF143	TWCCCAYAATGCAYYG	6.78e-6	2.17e-4	3.04e-1	32	904	904	1808	1.66	16	1.77	3	0.17
125	JASPAR2018_CORE_non-redundant.meme	MA0310.1	HAC1	GACACGTR	1.42e-6	2.22e-4	3.11e-1	156	904	904	1808	1.35	67	7.41	58	3.21
126	JASPAR2018_CORE_non-redundant.meme	MA0819.1	CLOCK	AACACGTGTH	1.42e-6	2.43e-4	3.41e-1	171	904	904	1808	1.36	67	7.41	58	3.21
127	JASPAR2018_CORE_non-redundant.meme	MA0932.1	AHL12	AAWWWWTT	4.08e-7	2.62e-4	3.67e-1	641	904	904	1808	1.11	243	26.88	334	18.47
128	JASPAR2018_CORE_non-redundant.meme	MA0014.3	PAX5	RRGCGTGACCNN	1.09e-6	2.72e-4	3.81e-1	249	904	904	1808	1.56	77	8.52	71	3.93
129	JASPAR2018_CORE_non-redundant.meme	MA1219.1	CEJ1	CCDYCDCCACCGMCA	2.55e-6	2.96e-4	4.15e-1	116	904	904	1808	1.56	49	5.42	36	1.99
130	JASPAR2018_CORE_non-redundant.meme	MA1228.1	AT4G18450	RYGGCGGCGGHGGHGGH	4.98e-6	2.98e-4	4.19e-1	60	904	904	1808	4.16	19	2.10	5	0.28
131	JASPAR2018_CORE_non-redundant.meme	MA1115.1	POU5F1	WHATGCAAATN	5.21e-7	3.00e-4	4.22e-1	576	904	904	1808	1.73	135	14.93	155	8.57
132	JASPAR2018_CORE_non-redundant.meme	MA0962.1	BHLH34	GCACGTGK	1.44e-6	3.09e-4	4.34e-1	215	904	904	1808	1.67	75	8.30	69	3.82
133	JASPAR2018_CORE_non-redundant.meme	MA1248.1	DREB26	YCNCCDYCDYCDCCACCGMC	3.99e-6	3.19e-4	4.48e-1	80	904	904	1808	1.15	45	4.98	32	1.77
134	JASPAR2018_CORE_non-redundant.meme	MA0964.1	BIM1	NCACGTGMBN	8.24e-7	3.23e-4	4.53e-1	392	904	904	1808	3.18	21	2.32	5	0.28
135	JASPAR2018_CORE_non-redundant.meme	MA0966.1	BIM3	NKCACGTGMN	1.75e-6	3.37e-4	4.73e-1	193	904	904	1808	2.48	43	4.76	28	1.55
136	JASPAR2018_CORE_non-redundant.meme	MA1262.1	ERF2	YCDCCDCCDCCGCCGCCRYYD	3.96e-6	3.40e-4	4.78e-1	86	904	904	1808	1.53	40	4.42	26	1.44
137	JASPAR2018_CORE_non-redundant.meme	MA1263.1	AT1G36060	DTKGKCGGTGGHGR	3.09e-6	3.53e-4	4.95e-1	114	904	904	1808	3.2	36	3.98	21	1.16
138	JASPAR2018_CORE_non-redundant.meme	MA0848.1	FOXO4	GTAAACA	7.84e-7	4.00e-4	5.61e-1	510	904	904	1808	2.46	104	11.50	109	6.03
139	JASPAR2018_CORE_non-redundant.meme	MA0980.1	RAP2-10	GCGCCGCC	3.51e-6	4.59e-4	6.45e-1	131	904	904	1808	3.72	34	3.76	19	1.05
140	JASPAR2018_CORE_non-redundant.meme	MA1021.1	PHYPADRAFT_48267	YCACGTGC	3.57e-6	4.61e-4	6.47e-1	129	904	904	1808	3.59	46	5.09	33	1.83
141	JASPAR2018_CORE_non-redundant.meme	MA0559.1	PI	CCAAAARWRGAAAR	7.85e-7	4.87e-4	6.83e-1	620	904	904	1808	3.44	125	13.83	141	7.80
142	JASPAR2018_CORE_non-redundant.meme	MA0058.3	MAX	AVCACGTGNY	3.55e-6	4.96e-4	6.97e-1	140	904	904	1808	1.02	71	7.85	66	3.65
143	JASPAR2018_CORE_non-redundant.meme	MA1232.1	AT4G28140	GDCGGYGGHGRHGRHGGNGR	4.00e-6	5.04e-4	7.07e-1	126	904	904	1808	6.13	25	2.77	10	0.55
144	JASPAR2018_CORE_non-redundant.meme	MA0965.1	BIM2	NKCACGTGMN	1.96e-6	5.26e-4	7.38e-1	268	904	904	1808	4.5	32	3.54	16	0.88
145	JASPAR2018_CORE_non-redundant.meme	MA0082.1	squamosa	MCAWAWATRGWAAN	1.36e-6	5.75e-4	8.08e-1	424	904	904	1808	1.23	158	17.48	196	10.84
146	JASPAR2018_CORE_non-redundant.meme	MA1236.1	ESE3	HGGHGGHGGCGGCGGMGGW	6.03e-6	5.91e-4	8.30e-1	98	904	904	1808	1.88	35	3.87	21	1.16
147	JASPAR2018_CORE_non-redundant.meme	MA1116.1	RBPJ	BVTGGGAANN	9.48e-7	6.70e-4	9.40e-1	707	904	904	1808	3	208	23.01	278	15.38
148	JASPAR2018_CORE_non-redundant.meme	MA0518.1	Stat4	YTTCYRGGAARNVR	1.49e-6	7.01e-4	9.84e-1	470	904	904	1808	1.67	162	17.92	203	11.23
149	JASPAR2018_CORE_non-redundant.meme	MA0627.1	Pou2f3	THKTATGCAAATKMDM	3.96e-6	7.32e-4	1.03e0	185	904	904	1808	3.06	40	4.42	26	1.44
150	JASPAR2018_CORE_non-redundant.meme	MA1379.1	SOL1	WTTWAAAATTTAAAW	4.98e-6	7.42e-4	1.04e0	149	904	904	1808	2.51	51	5.64	40	2.21
151	JASPAR2018_CORE_non-redundant.meme	MA0470.1	E2F4	GGGCGGGAARN	5.91e-6	7.45e-4	1.05e0	126	904	904	1808	1.11	62	6.86	55	3.04
152	JASPAR2018_CORE_non-redundant.meme	MA1242.1	AT3G57600	CCDCCACCGCC	5.49e-6	7.57e-4	1.06e0	138	904	904	1808	2.65	42	4.65	29	1.60
153	JASPAR2018_CORE_non-redundant.meme	MA1255.1	AT1G22810	GGHGGYGGCGGTGGH	6.48e-6	8.49e-4	1.19e0	131	904	904	1808	2.32	34	3.76	20	1.11
154	JASPAR2018_CORE_non-redundant.meme	MA0831.2	TFE3	CACGTGAY	3.43e-6	8.60e-4	1.21e0	251	904	904	1808	4.86	23	2.54	8	0.44
155	JASPAR2018_CORE_non-redundant.meme	MA1258.1	DREB2	NRDYDAWGKCGGTGRHKRNDR	1.00e-5	8.64e-4	1.21e0	86	904	904	1808	1.39	41	4.54	29	1.60
156	JASPAR2018_CORE_non-redundant.meme	MA1099.1	Hes1	SVCACGYGHN	3.80e-6	9.09e-4	1.28e0	239	904	904	1808	1.01	112	12.39	127	7.02
157	JASPAR2018_CORE_non-redundant.meme	MA1226.1	AT5G18450	GGHGGAGGCGGTGGH	5.49e-6	9.61e-4	1.35e0	175	904	904	1808	1.08	84	9.29	86	4.76
158	JASPAR2018_CORE_non-redundant.meme	MA0499.1	Myod1	NSCAGCTGYYNYB	1.59e-6	9.69e-4	1.36e0	608	904	904	1808	8	105	11.62	113	6.25
159	JASPAR2018_CORE_non-redundant.meme	MA0849.1	FOXO6	GTAAACA	2.77e-6	1.14e-3	1.60e0	411	904	904	1808	2.65	80	8.85	78	4.31
160	JASPAR2018_CORE_non-redundant.meme	MA0558.1	FLC	WNWWDCCMAAAATRGAAAGWW	3.60e-6	1.19e-3	1.67e0	331	904	904	1808	1.41	123	13.61	144	7.96
161	JASPAR2018_CORE_non-redundant.meme	MA0622.1	Mlxip	BCACGTGK	1.42e-5	1.31e-3	1.83e0	92	904	904	1808	3.89	46	5.09	36	1.99
162	JASPAR2018_CORE_non-redundant.meme	MA0030.1	FOXF2	BNAASGTAAACAAD	8.36e-6	1.37e-3	1.92e0	164	904	904	1808	1.04	81	8.96	83	4.59
163	JASPAR2018_CORE_non-redundant.meme	MA0011.1	br(var.2)	TWCTATTT	1.74e-6	1.42e-3	1.99e0	816	904	904	1808	1.99	90	9.96	91	5.03
164	JASPAR2018_CORE_non-redundant.meme	MA0507.1	POU2F2	YDNATTTGCATRT	7.38e-6	1.48e-3	2.07e0	200	904	904	1808	7.31	32	3.54	18	1.00
165	JASPAR2018_CORE_non-redundant.meme	MA0297.1	FKH2	GTAAACA	5.56e-6	1.52e-3	2.13e0	273	904	904	1808	1.95	100	11.06	110	6.08
166	JASPAR2018_CORE_non-redundant.meme	MA1404.1	BPC1	GAGAGAGAGAGAGAGAGAGAGAGA	4.02e-5	1.53e-3	2.14e0	38	904	904	1808	5.41	21	2.32	9	0.50
167	JASPAR2018_CORE_non-redundant.meme	MA1372.1	STZ	CACTNHCACTN	1.31e-6	1.53e-3	2.15e0	1175	904	904	1808	1.33	344	38.05	524	28.98
168	JASPAR2018_CORE_non-redundant.meme	MA0205.1	Trl	YYKCTCTCTY	1.23e-6	1.61e-3	2.25e0	1308	904	904	1808	2.3	199	22.01	264	14.60
169	JASPAR2018_CORE_non-redundant.meme	MA0337.1	MIG1	HCCCCRS	1.36e-6	1.64e-3	2.30e0	1207	904	904	1808	3.27	96	10.62	99	5.48
170	JASPAR2018_CORE_non-redundant.meme	MA0790.1	POU4F1	ATGMATAATTAATG	5.54e-6	1.69e-3	2.38e0	306	904	904	1808	1.15	125	13.83	149	8.24
171	JASPAR2018_CORE_non-redundant.meme	MA0785.1	POU2F1	AWTATGCWAATK	4.69e-6	1.78e-3	2.50e0	379	904	904	1808	1.1	152	16.81	192	10.62
172	JASPAR2018_CORE_non-redundant.meme	MA0825.1	MNT	RVCACGTGMH	1.75e-5	1.82e-3	2.56e0	104	904	904	1808	8.48	21	2.32	8	0.44
173	JASPAR2018_CORE_non-redundant.meme	MA0338.1	MIG2	CCCCRCV	1.74e-6	1.84e-3	2.58e0	1058	904	904	1808	3.68	81	8.96	78	4.31
174	JASPAR2018_CORE_non-redundant.meme	MA0663.1	MLX	RTCACGTGAT	3.66e-5	1.90e-3	2.67e0	52	904	904	1808	3.64	19	2.10	7	0.39
175	JASPAR2018_CORE_non-redundant.meme	MA0286.1	CST6	RTGACGTMA	1.64e-5	1.91e-3	2.69e0	117	904	904	1808	9.3	10	1.11	0	0.00
176	JASPAR2018_CORE_non-redundant.meme	MA0591.1	Bach1::Mafk	RSSATGACTCAGCAB	1.75e-5	2.01e-3	2.83e0	115	904	904	1808	17.4	21	2.32	8	0.44
177	JASPAR2018_CORE_non-redundant.meme	MA0137.3	STAT1	TTTCYRGGAAA	6.56e-6	2.07e-3	2.90e0	315	904	904	1808	2.5	91	10.07	97	5.37
178	JASPAR2018_CORE_non-redundant.meme	MA1011.1	PHYPADRAFT_72483	NNCACGTGNN	6.08e-6	2.09e-3	2.94e0	345	904	904	1808	1.73	56	6.19	47	2.60
179	JASPAR2018_CORE_non-redundant.meme	MA0157.2	FOXO3	GTAAACAW	8.37e-6	2.17e-3	3.05e0	260	904	904	1808	27.7	23	2.54	9	0.50
180	JASPAR2018_CORE_non-redundant.meme	MA1239.1	ERF104	CDCCDCCDCCGCCGCCRYH	2.80e-5	2.21e-3	3.10e0	79	904	904	1808	1.09	44	4.87	35	1.94
181	JASPAR2018_CORE_non-redundant.meme	MA0317.1	HCM1	ATAAACAA	2.34e-6	2.34e-3	3.28e0	1001	904	904	1808	1.04	379	41.92	594	32.85
182	JASPAR2018_CORE_non-redundant.meme	MA1402.1	BPC6	CTCTCTCTCTCTCTCTCTCTC	7.88e-5	2.44e-3	3.43e0	31	904	904	1808	11	12	1.33	2	0.11
183	JASPAR2018_CORE_non-redundant.meme	MA0004.1	Arnt	CACGTG	1.92e-5	2.59e-3	3.64e0	135	904	904	1808	6.48	47	5.20	38	2.10
184	JASPAR2018_CORE_non-redundant.meme	MA1196.1	At5g05790	AWYCTTATCYTNWTH	6.63e-6	2.63e-3	3.69e0	397	904	904	1808	1.65	122	13.50	145	8.02
185	JASPAR2018_CORE_non-redundant.meme	MA0261.1	lin-14	GAACRC	3.57e-6	2.80e-3	3.94e0	786	904	904	1808	1.63	143	15.82	176	9.73
186	JASPAR2018_CORE_non-redundant.meme	MA0091.1	TAL1::TCF3	NSAMCATCTGKT	1.04e-5	2.91e-3	4.09e0	280	904	904	1808	1.15	117	12.94	139	7.69
187	JASPAR2018_CORE_non-redundant.meme	MA0617.1	Id2	RCACGTGR	3.33e-5	3.02e-3	4.25e0	91	904	904	1808	1.09	49	5.42	42	2.32
188	JASPAR2018_CORE_non-redundant.meme	MA0152.1	NFATC2	TTTTCCA	2.89e-6	3.27e-3	4.59e0	1132	904	904	1808	1.64	258	28.54	372	20.58
189	JASPAR2018_CORE_non-redundant.meme	MA0913.1	Hoxd9	GYAATWAAAW	5.36e-6	3.37e-3	4.73e0	630	904	904	1808	1.03	248	27.43	358	19.80
190	JASPAR2018_CORE_non-redundant.meme	MA0047.2	Foxa2	TGTTTACWYWGB	8.62e-6	3.51e-3	4.93e0	408	904	904	1808	1.15	164	18.14	215	11.89
191	JASPAR2018_CORE_non-redundant.meme	MA0025.1	NFIL3	TTAYGTAAYNH	2.90e-5	3.54e-3	4.97e0	122	904	904	1808	1.67	47	5.20	39	2.16
192	JASPAR2018_CORE_non-redundant.meme	MA0960.1	BHLH104	GGCACGTGCC	1.49e-4	3.58e-3	5.02e0	24	904	904	1808	2.82	8	0.88	0	0.00
193	JASPAR2018_CORE_non-redundant.meme	MA0956.1	BEE2	NNCACGTGNN	1.11e-5	3.67e-3	5.15e0	331	904	904	1808	2	48	5.31	38	2.10
194	JASPAR2018_CORE_non-redundant.meme	MA0807.1	TBX5	AGGTGTKA	3.54e-6	3.73e-3	5.23e0	1055	904	904	1808	1.04	390	43.14	618	34.18
195	JASPAR2018_CORE_non-redundant.meme	MA0031.1	FOXD1	GTAAACAW	9.14e-6	3.80e-3	5.34e0	417	904	904	1808	1.91	76	8.41	76	4.20
196	JASPAR2018_CORE_non-redundant.meme	MA1246.1	LEP	DCCKCCGCCGYCDMHDCCKCC	6.36e-5	4.06e-3	5.70e0	64	904	904	1808	1.22	33	3.65	23	1.27
197	JASPAR2018_CORE_non-redundant.meme	MA0150.2	Nfe2l2	CASNATGACTCAGCA	1.81e-5	4.32e-3	6.07e0	240	904	904	1808	18.5	27	2.99	14	0.77
198	JASPAR2018_CORE_non-redundant.meme	MA0692.1	TFEB	RYCACGTGAC	1.64e-5	4.69e-3	6.58e0	287	904	904	1808	18.6	10	1.11	0	0.00
199	JASPAR2018_CORE_non-redundant.meme	MA1012.1	AGL27	CTTTCYATTTTKGG	3.27e-5	4.76e-3	6.69e0	146	904	904	1808	2.07	52	5.75	46	2.54
200	JASPAR2018_CORE_non-redundant.meme	MA1250.1	AT1G75490	CCDCCDCCACCGCCD	3.67e-5	5.16e-3	7.24e0	141	904	904	1808	2.82	38	4.20	28	1.55
201	JASPAR2018_CORE_non-redundant.meme	MA0305.1	GCR2	GCTTCCH	4.16e-6	5.36e-3	7.53e0	1292	904	904	1808	1.44	371	41.04	583	32.25
202	JASPAR2018_CORE_non-redundant.meme	MA0788.1	POU3F3	WWTATGCWAATTW	1.88e-5	5.38e-3	7.56e0	287	904	904	1808	1.11	116	12.83	140	7.74

# AME (Analysis of Motif Enrichment): Version 5.4.0 compiled on May 20 2021 at 11:57:07
# The format of this file is described at https://meme-suite.org/meme/doc/ame-output-format.html.
# ame -oc ame_example_output_files -control --shuffle-- -scoring avg -method fisher Klf1.fna JASPAR2018_CORE_non-redundant.meme
