pattern_name	sequence_name	start	stop	score	p-value	E-value	q-value	matched_sequence
cluster-60	chr2	25869324	25869447	18.9026	0.00096743	0.97614	0.48961	GAGGAAAGCAGGGTGAGGCCCAGGATCTGTCTGGTGAAGATGGATGGAGCAACCTGCCCATGTGCTGCTGACTGTACCCACACCCACATCCACCCATCACTGTGGCCAGGTGGTCAAAGATAAG
cluster-355	chr6	136416875	136417118	20.9017	0.0009921	1.001	0.48961	AGAAAAAGGGAATGGGGGTGGGGTGGGTGGGAGATTGTTGTAGGACACTGGATTGAGGGAGGGCGGGAGGTGTAGAGAATGGGGCGGTTCCGCCCTAACAAAGAGGCAGAAACTGTGTCTCAACAGCCACCAAATCCAGTTCAGGGCGGTTTGAGCCAGTTTCTGAGCTGGATTGAGAACAACAGCCACAGGCTGAGACTTCACTAGGGTGAAATGGAAAATCTAGCATGGATTTTACAGACAG
cluster-262	chr5	65255972	65256132	20.9878	0.0028012	2.8264	0.60414	CAGACACCACCAGCCACTTCCCCACAGTCAGTCAGACCTGGGCCACTGGGTCCCCTGCCTTGTTGCTTGGCAGCTTTCTTCAAGGCCTGGCCTGGGCAGCCACACCCAACATTCTCACCACACCCTGTAATTCTCGCCACCCAGAAGTTCTTGCCACACCC
cluster-808	chr14	71023800	71023975	19.4982	0.0033435	3.3736	0.60414	CCGCACCCACCTTCAGCTGGCCGCCCCAGCCTTATCTGAGCCACCAGCCAGGCCCCACCTCAAACCACCCACCCTCTCATTTCCACGGCAACCAGAGCTTTGCAGCTCCCCAGGATATGGGTGATAAGACTTGCCCACAGGGATCTCCAGGTTGGCACCTACCCATCCCAGGCAGG
cluster-501	chr9	21940151	21940381	14.5603	0.0043555	4.3947	0.60414	CCTGCCCTGCCACTCCCTTGACTTTCTCTCTTTTTCTCCCTCCCCTCCGCCGCCGCCCACACCCGAGTGCTAGCTGTGGACCTAGGGGCTCTTGATCTACCACTGAGCCACACCCAAGTGTCCAGGCTTATCATCTTGCCTTAGCTTTTTCTGTAGCACATTATCAATGCCTGGCCAGTGTCTTGTGTATTTATCTTCTTTTTCCTTTCTCTCCACCTGCTTGGCTGTCTC
cluster-467	chr8	74937913	74938080	14.5311	0.004417	4.4567	0.60414	CACAGCACCCAGCCCCACCCAGGGTTTCATGACTCCTCTGACAGCTCTGCTGTGAACATGCAGCCACGCCCTGGGATGCAGAATGAATGATAAGGCATGGGTGGGAGAGGTAATATGTCAGGGATCAGTCACTCTACCCAGGAATTCCCAAGCCAGGAACAGTGGCTG
cluster-492	chr8	122895779	122895932	19.6149	0.0051147	5.1607	0.60414	CTGTCTCCAGATAAACCCTGAGGCCTGGGGTGGGGCCATGCTGCTCACGGCTTATCACTTCTGTCTGGTGCTTGTTCCCGCCACTCTGCACCCCAGCCTTATCTGTGTCCCCAGGCCTTCCTTTGCCCACAGCTCTGACTGCTATGGGGGCAGG
cluster-261	chr5	65203447	65203587	18.0491	0.0054088	5.4575	0.60414	GGGTGTGGGCAGAATCTTATCTGAAGCTATGTCCTGTTTGGACAAGTTGGACTCGCCCTGGCAACTCTCCATGGGGTGGAGCCGATGGGTGGAGGCAGAAAAGTAAAATTGGGTGGCTTGTTCACGGAGAGGGGAGGGCGG
cluster-137	chr3	97461942	97462123	18.354	0.0055088	5.5584	0.60414	TGGGCGGACAGTTCACAGCCCTAATCCCGACCCGGACCCCACCCTCGGCCCCGCCCCAAGCCGGAGCTGCGCACGCACCCACCACAGAGGCGGTGCTGGTGGCTAGAGAGGCAGGCGACCCAGGCTGAGGAGGGGGCGGGGCTGGAGCGCAGGGGGCGGAACAAGAGGCTCGGTGGGCGGGG
cluster-187	chr4	118241407	118241641	17.7641	0.007483	7.5504	0.73859	GGGTGGGGGCGGCAGGAATGGGGCCAGGCCCTCTGAAGTGTCTGCTGAGGATCCTGGGACCTGGGTGTGGGAGCTCATTAAGCACTATCTTTGCCAACACTGTGGGTGTGGTTCAATCTGGACCAAGAGATAAGGGTACGACCTGAGGCACCAGAAAGGAAGACGAGGCAGGTGGAGACTGGCCAGACACGTCCCAGGAGGAGGGAAGAATAAAAGGCAGCAAAGCTGGGTGGGG
cluster-1009	chr19	56466261	56466372	13.2404	0.0092719	9.3553	0.76578	AGATAAGGCTGGGTGTGGGGAAGTCAGCCAGAGCGGAGGAAGCTGCATAGCAAGAAGCAGAGACTGGGGTGGGGCTAGGGCAGTGTCTCACTAAGCAGAGGTTGGGGTGGGG
cluster-865	chr16	8687059	8687229	17.9013	0.0093103	9.3941	0.76578	CCCCACCCTCTGTGACAGCCTTATCACTGGAGTGGACAGGTGGGTGTGGCGTGCCATGGCTGTGCTATCAGCAGCCACCATGGCAGGCCTCTGTGCCCACTCCCAGCCTACTGCTGCCAGCCCTGCCCAGCAGGTCCACCTTGGAAATCTGCCCTGCAGCTGGTCTGGGGA

# MCAST (Motif Cluster Alignment and Search Tool): Version 5.4.0 compiled on May 20 2021 at 11:57:24
# The format of this file is described at https://meme-suite.org/meme/doc/mcast-output-format.html.
# mcast -oc mcast_example_output_files -parse-genomic-coord Klf1.dreme Klf1.fna
