RANK	DB	ID	ALT_ID	CONSENSUS	TP	TP%	FP	FP%	ENR_RATIO	SCORE_THR	PVALUE	LOG_PVALUE	EVALUE	LOG_EVALUE	QVALUE	LOG_QVALUE
1	xstreme_example_output_files/streme_out/streme.xml	2-GCTGAGTCATN	STREME-2	GCTGAGTCATN	160	8.47	7	0.37	20.1	11	1.41e-40	-91.76	2.01e-37	-84.50	1.46e-37	-84.82
2	xstreme_example_output_files/meme_out/meme.xml	CCASYAGRKGGCRSY	MEME-4	CCASYAGRKGGCRSY	169	8.94	12	0.63	13.1	12	2.07e-38	-86.77	2.94e-35	-79.51	1.07e-35	-80.52
3	xstreme_example_output_files/streme_out/streme.xml	1-CCASYAGRGGGCGCY	STREME-1	CCASYAGRGGGCGCY	151	7.99	8	0.42	16.9	12	7.39e-37	-83.20	1.05e-33	-75.94	2.55e-34	-77.35
4	JASPAR2018_CORE_non-redundant.meme	MA0139.1	CTCF	YGRCCASYAGRKGGCRSYR	178	9.42	18	0.95	9.42	10	4.03e-36	-81.50	5.72e-33	-74.24	1.04e-33	-75.94
5	JASPAR2018_CORE_non-redundant.meme	MA1101.1	BACH2	NMTGACTCAGCANH	168	8.89	15	0.79	10.6	11	1.29e-35	-80.34	1.83e-32	-73.08	2.67e-33	-75.00
6	JASPAR2018_CORE_non-redundant.meme	MA0150.2	Nfe2l2	CASNATGACTCAGCA	196	10.37	27	1.43	7.04	9.1	7.11e-35	-78.63	1.01e-31	-71.37	1.23e-32	-73.48
7	JASPAR2018_CORE_non-redundant.meme	MA0490.1	JUNB	NRRTGASTCAK	219	11.59	40	2.12	5.37	9	2.45e-33	-75.09	3.49e-30	-67.83	3.63e-31	-70.09
8	JASPAR2018_CORE_non-redundant.meme	MA1134.1	FOS::JUNB	KATGASTCATHN	199	10.53	32	1.69	6.06	9.5	1.19e-32	-73.51	1.69e-29	-66.25	1.54e-30	-68.65
9	JASPAR2018_CORE_non-redundant.meme	MA0476.1	FOS	DVTGASTCATB	172	9.10	24	1.27	6.92	11	2.11e-30	-68.33	3.01e-27	-61.07	2.43e-28	-63.58
10	xstreme_example_output_files/meme_out/meme.xml	VATGACTCAG	MEME-2	VATGACTCAG	149	7.88	15	0.79	9.38	13	2.65e-30	-68.10	3.77e-27	-60.84	2.75e-28	-63.46
11	JASPAR2018_CORE_non-redundant.meme	MA0099.3	FOS::JUN	ATGAGTCAYM	203	10.74	41	2.17	4.86	10	7.07e-29	-64.82	1.01e-25	-57.56	6.15e-27	-60.35
12	JASPAR2018_CORE_non-redundant.meme	MA1135.1	FOSB::JUNB	KRTGASTCAT	211	11.16	45	2.38	4.61	9.3	7.12e-29	-64.81	1.01e-25	-57.55	6.15e-27	-60.35
13	JASPAR2018_CORE_non-redundant.meme	MA0489.1	JUN(var.2)	RRRRRRTGASTCAT	200	10.58	40	2.12	4.9	9.5	1.21e-28	-64.28	1.73e-25	-57.02	9.66e-27	-59.90
14	JASPAR2018_CORE_non-redundant.meme	MA1141.1	FOS::JUND	NKATGAGTCATNN	255	13.49	70	3.70	3.61	7.6	2.65e-28	-63.50	3.76e-25	-56.24	1.96e-26	-59.20
15	JASPAR2018_CORE_non-redundant.meme	MA1128.1	FOSL1::JUN	NKATGACTCATNN	245	12.96	65	3.44	3.73	8.8	4.68e-28	-62.93	6.66e-25	-55.67	3.23e-26	-58.69
16	JASPAR2018_CORE_non-redundant.meme	MA1144.1	FOSL2::JUND	KATGACTCAT	278	14.71	87	4.60	3.17	6.9	5.14e-27	-60.53	7.31e-24	-53.27	3.33e-25	-56.36
17	JASPAR2018_CORE_non-redundant.meme	MA1138.1	FOSL2::JUNB	KRTGASTCAT	255	13.49	74	3.92	3.41	7.3	8.64e-27	-60.01	1.23e-23	-52.75	5.26e-25	-55.90
18	JASPAR2018_CORE_non-redundant.meme	MA1130.1	FOSL2::JUN	NNRTGAGTCAYN	197	10.42	43	2.28	4.5	10	1.72e-26	-59.32	2.45e-23	-52.06	9.90e-25	-55.27
19	JASPAR2018_CORE_non-redundant.meme	MA0491.1	JUND	DRTGASTCATS	131	6.93	15	0.79	8.25	12	2.13e-25	-56.81	3.03e-22	-49.55	1.16e-23	-52.81
20	JASPAR2018_CORE_non-redundant.meme	MA0477.1	FOSL1	RRTGASTCAKV	114	6.03	9	0.48	11.5	13	3.01e-25	-56.46	4.28e-22	-49.20	1.56e-23	-52.52
21	JASPAR2018_CORE_non-redundant.meme	MA0478.1	FOSL2	KRRTGASTCAB	266	14.07	87	4.60	3.03	6	1.50e-24	-54.86	2.14e-21	-47.60	7.41e-23	-50.96
22	xstreme_example_output_files/streme_out/streme.xml	5-AGATAAGG	STREME-5	AGATAAGG	192	10.16	45	2.38	4.2	9.5	1.98e-24	-54.58	2.81e-21	-47.32	9.30e-23	-50.73
23	JASPAR2018_CORE_non-redundant.meme	MA1132.1	JUN::JUNB	KATGACKCAT	255	13.49	81	4.29	3.12	8.9	2.58e-24	-54.32	3.66e-21	-47.06	1.16e-22	-50.51
24	JASPAR2018_CORE_non-redundant.meme	MA1137.1	FOSL1::JUNB	NDRTGACTCATNN	222	11.75	62	3.28	3.54	9.4	3.48e-24	-54.02	4.95e-21	-46.76	1.50e-22	-50.25
25	JASPAR2018_CORE_non-redundant.meme	MA0303.1	GCN4	NVHDNKRTGASTCAYHNNHNN	175	9.26	38	2.01	4.51	8.2	1.20e-23	-52.77	1.71e-20	-45.51	4.99e-22	-49.05
26	JASPAR2018_CORE_non-redundant.meme	MA1142.1	FOSL1::JUND	NRTGACTCAT	164	8.68	34	1.80	4.71	10	6.09e-23	-51.15	8.66e-20	-43.89	2.43e-21	-47.47
27	JASPAR2018_CORE_non-redundant.meme	MA0591.1	Bach1::Mafk	RSSATGACTCAGCAB	137	7.25	23	1.22	5.75	7.6	5.00e-22	-49.05	7.11e-19	-41.79	1.92e-20	-45.40
28	JASPAR2018_CORE_non-redundant.meme	MA0501.1	MAF::NFE2	ATGACTCAGCANWTY	278	14.71	103	5.45	2.68	4.5	5.98e-22	-48.87	8.50e-19	-41.61	2.21e-20	-45.26
29	JASPAR2018_CORE_non-redundant.meme	MA0036.3	GATA2	NBCTTATCTNH	215	11.38	65	3.44	3.27	10	1.30e-21	-48.09	1.85e-18	-40.83	4.63e-20	-44.52
30	JASPAR2018_CORE_non-redundant.meme	MA0841.1	NFE2	VATGACTCATS	130	6.88	21	1.11	5.95	4.3	2.14e-21	-47.60	3.04e-18	-40.34	7.37e-20	-44.05
31	JASPAR2018_CORE_non-redundant.meme	MA0272.1	ARG81	DTGACTCH	215	11.38	66	3.49	3.22	9.3	2.90e-21	-47.29	4.12e-18	-40.03	9.68e-20	-43.78
32	JASPAR2018_CORE_non-redundant.meme	MA0530.1	cnc::maf-S	VATGACKCDGCANWW	123	6.51	20	1.06	5.9	11	3.27e-20	-44.87	4.65e-17	-37.61	1.06e-18	-41.39
33	JASPAR2018_CORE_non-redundant.meme	MA0655.1	JDP2	ATGACTCAT	131	6.93	27	1.43	4.71	8.6	1.56e-18	-41.00	2.22e-15	-33.74	4.90e-17	-37.56
34	JASPAR2018_CORE_non-redundant.meme	MA0037.3	GATA3	WGATAASR	183	9.68	57	3.02	3.17	11	7.21e-18	-39.47	1.02e-14	-32.21	2.20e-16	-36.06
35	JASPAR2018_CORE_non-redundant.meme	MA0482.1	Gata4	YCTTATCTSHB	127	6.72	27	1.43	4.57	11	1.32e-17	-38.87	1.88e-14	-31.61	3.91e-16	-35.48
36	JASPAR2018_CORE_non-redundant.meme	MA1104.1	GATA6	NDNAGATAAGADD	239	12.65	94	4.97	2.53	8.7	2.47e-17	-38.24	3.51e-14	-30.98	7.11e-16	-34.88
37	JASPAR2018_CORE_non-redundant.meme	MA0766.1	GATA5	WGATAASR	203	10.74	74	3.92	2.72	10	2.14e-16	-36.08	3.05e-13	-28.82	6.00e-15	-32.75
38	JASPAR2018_CORE_non-redundant.meme	MA0035.3	Gata1	TYCTTATCTSY	298	15.77	145	7.67	2.05	5.3	4.43e-15	-33.05	6.29e-12	-25.79	1.21e-13	-29.75
39	xstreme_example_output_files/meme_out/meme.xml	SCCCCGCCCCC	MEME-3	SCCCCGCCCCC	198	10.48	76	4.02	2.58	11	6.22e-15	-32.71	8.84e-12	-25.45	1.63e-13	-29.44
40	JASPAR2018_CORE_non-redundant.meme	MA0516.1	SP2	GYCCCGCCYCYBSSS	176	9.31	62	3.28	2.81	11	6.30e-15	-32.70	8.96e-12	-25.44	1.63e-13	-29.44
41	xstreme_example_output_files/streme_out/streme.xml	3-GCGCATGCGCAC	STREME-3	GCGCATGCGCAC	87	4.60	14	0.74	5.87	12	1.17e-14	-32.08	1.66e-11	-24.82	2.93e-13	-28.86
42	JASPAR2018_CORE_non-redundant.meme	MA1102.1	CTCFL	CRSCAGGGGGCRSB	143	7.57	43	2.28	3.27	9.9	1.19e-14	-32.06	1.69e-11	-24.80	2.93e-13	-28.86
43	JASPAR2018_CORE_non-redundant.meme	MA0496.2	MAFK	WWWTGCTGASTCAGCAWWW	171	9.05	60	3.17	2.82	7.1	1.35e-14	-31.93	1.92e-11	-24.67	3.26e-13	-28.75
44	JASPAR2018_CORE_non-redundant.meme	MA0685.1	SP4	BWRGCCACGCCCMCTYH	172	9.10	61	3.23	2.79	2.7	1.75e-14	-31.68	2.49e-11	-24.42	4.12e-13	-28.52
45	JASPAR2018_CORE_non-redundant.meme	MA0495.2	MAFF	DWWTTGCTGAGTCAGCAAWWW	69	3.65	7	0.37	8.75	13	1.92e-14	-31.58	2.73e-11	-24.32	4.42e-13	-28.45
46	JASPAR2018_CORE_non-redundant.meme	MA0871.1	TFEC	RTCACRTGAB	99	5.24	20	1.06	4.76	11	1.97e-14	-31.56	2.81e-11	-24.30	4.44e-13	-28.44
47	JASPAR2018_CORE_non-redundant.meme	MA0443.1	btd	RRGGGGCGKR	333	17.62	175	9.26	1.9	7.5	2.36e-14	-31.38	3.35e-11	-24.12	5.19e-13	-28.29
48	JASPAR2018_CORE_non-redundant.meme	MA0140.2	GATA1::TAL1	MTTATCWSNNNNNHVCAG	111	5.87	28	1.48	3.86	10	1.33e-13	-29.65	1.89e-10	-22.39	2.87e-12	-26.58
49	xstreme_example_output_files/meme_out/meme.xml	CTTATCT	MEME-5	CTTATCT	130	6.88	39	2.06	3.27	8.6	1.95e-13	-29.27	2.77e-10	-22.01	4.12e-12	-26.21
50	JASPAR2018_CORE_non-redundant.meme	MA0462.1	BATF::JUN	RRWATGASTCA	90	4.76	18	0.95	4.79	12	2.64e-13	-28.96	3.76e-10	-21.70	5.48e-12	-25.93
51	JASPAR2018_CORE_non-redundant.meme	MA0076.2	ELK4	BCRCTTCCGGB	232	12.28	106	5.61	2.18	8.2	2.98e-13	-28.84	4.23e-10	-21.58	6.04e-12	-25.83
52	xstreme_example_output_files/meme_out/meme.xml	GCGCMTGCGCG	MEME-9	GCGCMTGCGCG	67	3.54	8	0.42	7.56	14	3.18e-13	-28.78	4.52e-10	-21.52	6.32e-12	-25.79
53	xstreme_example_output_files/streme_out/streme.xml	6-CCCCGCCCCCD	STREME-6	CCCCGCCCCCD	724	38.31	518	27.41	1.4	4.6	5.76e-13	-28.18	8.20e-10	-20.92	1.13e-11	-25.21
54	JASPAR2018_CORE_non-redundant.meme	MA0599.1	KLF5	GCCCCDCCCH	473	25.03	300	15.87	1.57	6.3	1.71e-12	-27.09	2.43e-9	-19.83	3.28e-11	-24.14
55	JASPAR2018_CORE_non-redundant.meme	MA0309.1	GZF3	YGATAASR	279	14.76	145	7.67	1.92	8.1	2.50e-12	-26.72	3.55e-9	-19.46	4.70e-11	-23.78
56	JASPAR2018_CORE_non-redundant.meme	MA0965.1	BIM2	NKCACGTGMN	96	5.08	24	1.27	3.88	11	5.35e-12	-25.95	7.60e-9	-18.69	9.89e-11	-23.04
57	JASPAR2018_CORE_non-redundant.meme	MA0093.2	USF1	VYCAYGTGACC	86	4.55	19	1.01	4.35	12	6.28e-12	-25.79	8.93e-9	-18.53	1.14e-10	-22.89
58	xstreme_example_output_files/streme_out/streme.xml	4-CACTTCCTGKT	STREME-4	CACTTCCTGKT	199	10.53	90	4.76	2.2	4.6	1.16e-11	-25.18	1.65e-8	-17.92	2.08e-10	-22.30
59	JASPAR2018_CORE_non-redundant.meme	MA1399.1	At5g08520	DWWDWRGATAAGR	213	11.27	100	5.29	2.12	6	1.22e-11	-25.13	1.74e-8	-17.87	2.15e-10	-22.26
60	JASPAR2018_CORE_non-redundant.meme	MA0289.1	DAL80	CGATAAG	353	18.68	207	10.95	1.7	6.2	1.27e-11	-25.09	1.81e-8	-17.83	2.18e-10	-22.24
61	JASPAR2018_CORE_non-redundant.meme	MA0300.1	GAT1	YYGATAAG	129	6.83	44	2.33	2.89	11	1.29e-11	-25.08	1.83e-8	-17.82	2.18e-10	-22.24
62	JASPAR2018_CORE_non-redundant.meme	MA0603.1	Arntl	NGTCACGTGH	58	3.07	7	0.37	7.38	13	1.51e-11	-24.91	2.15e-8	-17.65	2.53e-10	-22.10
63	JASPAR2018_CORE_non-redundant.meme	MA0079.3	SP1	GCCCCKCCCCC	460	24.34	298	15.77	1.54	6.9	2.69e-11	-24.34	3.83e-8	-17.08	4.42e-10	-21.54
64	JASPAR2018_CORE_non-redundant.meme	MA0956.1	BEE2	NNCACGTGNN	90	4.76	23	1.22	3.79	11	4.05e-11	-23.93	5.76e-8	-16.67	6.55e-10	-21.15
65	JASPAR2018_CORE_non-redundant.meme	MA0506.1	NRF1	GCGCVTGCGCR	95	5.03	26	1.38	3.56	12	5.21e-11	-23.68	7.41e-8	-16.42	8.30e-10	-20.91
66	JASPAR2018_CORE_non-redundant.meme	MA0526.2	USF2	NNNGGTCACGTGRYYN	186	9.84	84	4.44	2.2	6.5	5.60e-11	-23.61	7.96e-8	-16.35	8.79e-10	-20.85
67	xstreme_example_output_files/meme_out/meme.xml	AAASAGGAAGT	MEME-8	AAASAGGAAGT	178	9.42	79	4.18	2.24	7.7	7.48e-11	-23.32	1.06e-7	-16.06	1.16e-9	-20.58
68	JASPAR2018_CORE_non-redundant.meme	MA0102.3	CEBPA	ATTGCAYAAYH	117	6.19	40	2.12	2.88	11	1.31e-10	-22.75	1.87e-7	-15.49	2.00e-9	-20.03
69	JASPAR2018_CORE_non-redundant.meme	MA0475.2	FLI1	ACCGGAARTR	250	13.23	133	7.04	1.87	6.1	1.53e-10	-22.60	2.17e-7	-15.34	2.29e-9	-19.89
70	JASPAR2018_CORE_non-redundant.meme	MA1021.1	PHYPADRAFT_48267	YCACGTGC	106	5.61	34	1.80	3.06	12	2.04e-10	-22.31	2.90e-7	-15.05	3.02e-9	-19.62
71	JASPAR2018_CORE_non-redundant.meme	MA1192.1	At5g58900	WDWRGATAAGRTTWD	212	11.22	106	5.61	1.99	6.6	2.74e-10	-22.02	3.90e-7	-14.76	4.00e-9	-19.34
72	JASPAR2018_CORE_non-redundant.meme	MA0966.1	BIM3	NKCACGTGMN	86	4.55	23	1.22	3.62	11	2.80e-10	-22.00	3.98e-7	-14.74	4.03e-9	-19.33
73	JASPAR2018_CORE_non-redundant.meme	MA0641.1	ELF4	AACCCGGAAGTR	299	15.82	173	9.15	1.72	2.8	3.17e-10	-21.87	4.50e-7	-14.61	4.49e-9	-19.22
74	JASPAR2018_CORE_non-redundant.meme	MA0838.1	CEBPG	ATTRCGCAAY	62	3.28	11	0.58	5.25	10	3.21e-10	-21.86	4.57e-7	-14.60	4.50e-9	-19.22
75	JASPAR2018_CORE_non-redundant.meme	MA0988.1	PHYPADRAFT_143875	NVCACGTGBN	92	4.87	27	1.43	3.32	11	4.88e-10	-21.44	6.93e-7	-14.18	6.73e-9	-18.82
76	JASPAR2018_CORE_non-redundant.meme	MA0004.1	Arnt	CACGTG	102	5.40	33	1.75	3.03	12	5.63e-10	-21.30	8.00e-7	-14.04	7.67e-9	-18.69
77	JASPAR2018_CORE_non-redundant.meme	MA0692.1	TFEB	RYCACGTGAC	106	5.61	36	1.90	2.89	11	8.64e-10	-20.87	1.23e-6	-13.61	1.16e-8	-18.27
78	JASPAR2018_CORE_non-redundant.meme	MA0639.1	DBP	NRTTACGTAAYV	171	9.05	79	4.18	2.15	4.8	8.81e-10	-20.85	1.25e-6	-13.59	1.16e-8	-18.27
79	JASPAR2018_CORE_non-redundant.meme	MA0026.1	Eip74EF	CCGGAAR	235	12.43	126	6.67	1.86	9.5	8.86e-10	-20.84	1.26e-6	-13.58	1.16e-8	-18.27
80	JASPAR2018_CORE_non-redundant.meme	MA0640.1	ELF3	WACCCGGAAGTAR	337	17.83	208	11.01	1.62	0.082	1.34e-9	-20.43	1.91e-6	-13.17	1.74e-8	-17.87
81	JASPAR2018_CORE_non-redundant.meme	MA1186.1	At1g49010	HWWAWYCTTATCYWH	262	13.86	148	7.83	1.77	6.7	1.39e-9	-20.39	1.98e-6	-13.13	1.78e-8	-17.84
82	JASPAR2018_CORE_non-redundant.meme	MA0750.2	ZBTB7A	NVCCGGAAGTGSV	264	13.97	150	7.94	1.75	8.1	1.63e-9	-20.23	2.32e-6	-12.97	2.06e-8	-17.70
83	JASPAR2018_CORE_non-redundant.meme	MA0473.2	ELF1	AACCCGGAAGTR	309	16.35	186	9.84	1.66	0.23	1.73e-9	-20.17	2.46e-6	-12.91	2.16e-8	-17.65
84	JASPAR2018_CORE_non-redundant.meme	MA0659.1	MAFG	WWWNTGCTGASTCAGCAHWWW	227	12.01	122	6.46	1.85	4.2	2.02e-9	-20.02	2.87e-6	-12.76	2.49e-8	-17.51
85	JASPAR2018_CORE_non-redundant.meme	MA0488.1	JUN	DDRATGATGTCAT	90	4.76	28	1.48	3.14	10	2.64e-9	-19.75	3.76e-6	-12.49	3.22e-8	-17.25
86	JASPAR2018_CORE_non-redundant.meme	MA0464.2	BHLHE40	VKCACGTGMC	128	6.77	52	2.75	2.43	8	3.12e-9	-19.58	4.44e-6	-12.32	3.76e-8	-17.10
87	JASPAR2018_CORE_non-redundant.meme	MA0058.3	MAX	AVCACGTGNY	94	4.97	31	1.64	2.97	11	4.23e-9	-19.28	6.02e-6	-12.02	5.04e-8	-16.80
88	JASPAR2018_CORE_non-redundant.meme	MA0474.2	ERG	ACCGGAARTV	232	12.28	128	6.77	1.81	7.5	4.67e-9	-19.18	6.64e-6	-11.92	5.49e-8	-16.72
89	JASPAR2018_CORE_non-redundant.meme	MA1362.1	bHLH77	RWDWNGBCACGTGMK	67	3.54	16	0.85	4	11	4.90e-9	-19.13	6.97e-6	-11.87	5.70e-8	-16.68
90	JASPAR2018_CORE_non-redundant.meme	MA0147.3	MYC	NNCCACGTGCNB	95	5.03	32	1.69	2.91	10	5.63e-9	-19.00	8.00e-6	-11.74	6.47e-8	-16.55
91	xstreme_example_output_files/meme_out/meme.xml	GACTACAWYTCCCAG	MEME-6	GACTACAWYTCCCAG	31	1.64	1	0.05	16	5.2	6.84e-9	-18.80	9.73e-6	-11.54	7.78e-8	-16.37
92	JASPAR2018_CORE_non-redundant.meme	MA0836.1	CEBPD	RTTRCGCAAY	246	13.02	141	7.46	1.74	4.9	1.01e-8	-18.41	1.44e-5	-11.15	1.14e-7	-15.99
93	JASPAR2018_CORE_non-redundant.meme	MA0636.1	BHLHE41	RTCACGTGAC	42	2.22	5	0.26	7.17	11	1.03e-8	-18.39	1.46e-5	-11.13	1.14e-7	-15.98
94	JASPAR2018_CORE_non-redundant.meme	MA0746.1	SP3	VCCACGCCCMC	505	26.72	360	19.05	1.4	6.9	1.17e-8	-18.27	1.66e-5	-11.01	1.28e-7	-15.87
95	JASPAR2018_CORE_non-redundant.meme	MA0605.1	Atf3	GATGACGT	309	16.35	193	10.21	1.6	6.7	1.58e-8	-17.96	2.25e-5	-10.70	1.72e-7	-15.57
96	JASPAR2018_CORE_non-redundant.meme	MA0741.1	KLF16	GMCACGCCCCC	119	6.30	49	2.59	2.4	11	1.68e-8	-17.90	2.39e-5	-10.64	1.82e-7	-15.52
97	xstreme_example_output_files/meme_out/meme.xml	TTTTYTTTTYTTTYW	MEME-1	TTTTYTTTTYTTTYW	48	2.54	8	0.42	5.44	14	1.90e-8	-17.78	2.70e-5	-10.52	2.03e-7	-15.41
98	JASPAR2018_CORE_non-redundant.meme	MA0622.1	Mlxip	BCACGTGK	92	4.87	32	1.69	2.82	13	2.00e-8	-17.73	2.84e-5	-10.47	2.11e-7	-15.37
99	JASPAR2018_CORE_non-redundant.meme	MA1074.1	UNE10	CCACGTGM	80	4.23	25	1.32	3.12	13	2.28e-8	-17.60	3.25e-5	-10.34	2.39e-7	-15.25
100	JASPAR2018_CORE_non-redundant.meme	MA0104.4	MYCN	VVCCACGTGGBB	90	4.76	31	1.64	2.84	9.7	2.33e-8	-17.58	3.31e-5	-10.32	2.41e-7	-15.24
101	JASPAR2018_CORE_non-redundant.meme	MA0837.1	CEBPE	VTTRCGCAAY	259	13.70	154	8.15	1.68	6.5	2.55e-8	-17.48	3.63e-5	-10.22	2.62e-7	-15.16
102	JASPAR2018_CORE_non-redundant.meme	MA0156.2	FEV	ACCGGAAGTN	264	13.97	159	8.41	1.66	7	3.53e-8	-17.16	5.02e-5	-9.90	3.59e-7	-14.84
103	JASPAR2018_CORE_non-redundant.meme	MA1025.1	HBI1	NNBGCACGTGCN	73	3.86	22	1.16	3.22	11	5.15e-8	-16.78	7.32e-5	-9.52	5.18e-7	-14.47
104	JASPAR2018_CORE_non-redundant.meme	MA0957.1	BHLH3	GCACGTGC	191	10.11	103	5.45	1.85	7.9	5.22e-8	-16.77	7.42e-5	-9.51	5.19e-7	-14.47
105	JASPAR2018_CORE_non-redundant.meme	MA0502.1	NFYB	VMMYBRRCCAATCAG	88	4.66	31	1.64	2.78	9.7	5.36e-8	-16.74	7.62e-5	-9.48	5.28e-7	-14.45
106	JASPAR2018_CORE_non-redundant.meme	MA0568.1	MYC3	VCACGTGB	105	5.56	42	2.22	2.47	10	6.02e-8	-16.63	8.57e-5	-9.37	5.84e-7	-14.35
107	JASPAR2018_CORE_non-redundant.meme	MA0967.1	BZIP60	TGACGTCA	39	2.06	5	0.26	6.67	13	6.04e-8	-16.62	8.59e-5	-9.36	5.84e-7	-14.35
108	JASPAR2018_CORE_non-redundant.meme	MA0825.1	MNT	RVCACGTGMH	92	4.87	34	1.80	2.66	11	7.46e-8	-16.41	1.06e-4	-9.15	7.15e-7	-14.15
109	JASPAR2018_CORE_non-redundant.meme	MA0561.1	PIF4	CACGTGSC	98	5.19	38	2.01	2.54	11	8.32e-8	-16.30	1.18e-4	-9.04	7.91e-7	-14.05
110	JASPAR2018_CORE_non-redundant.meme	MA1364.1	PIF7	SDKRDWGCCACGTGG	63	3.33	17	0.90	3.56	11	8.53e-8	-16.28	1.21e-4	-9.02	8.03e-7	-14.03
111	JASPAR2018_CORE_non-redundant.meme	MA0447.1	gt	RTTACGTAAY	180	9.52	96	5.08	1.87	4.3	8.70e-8	-16.26	1.24e-4	-9.00	8.12e-7	-14.02
112	JASPAR2018_CORE_non-redundant.meme	MA0136.2	ELF5	AMSMGGAAGTD	523	27.67	385	20.37	1.36	6.1	8.78e-8	-16.25	1.25e-4	-8.99	8.12e-7	-14.02
113	JASPAR2018_CORE_non-redundant.meme	MA0740.1	KLF14	KRCCACGCCCMCYT	93	4.92	35	1.85	2.61	8.5	9.41e-8	-16.18	1.34e-4	-8.92	8.62e-7	-13.96
114	JASPAR2018_CORE_non-redundant.meme	MA0466.2	CEBPB	RTTRCGCAAY	250	13.23	151	7.99	1.65	5.4	1.00e-7	-16.12	1.43e-4	-8.86	9.11e-7	-13.91
115	JASPAR2018_CORE_non-redundant.meme	MA0117.2	Mafb	AWWNTGCTGACD	68	3.60	20	1.06	3.29	12	1.02e-7	-16.10	1.44e-4	-8.84	9.15e-7	-13.90
116	JASPAR2018_CORE_non-redundant.meme	MA1196.1	At5g05790	AWYCTTATCYTNWTH	290	15.34	184	9.74	1.57	5.8	1.14e-7	-15.99	1.62e-4	-8.73	1.02e-6	-13.80
117	JASPAR2018_CORE_non-redundant.meme	MA0492.1	JUND(var.2)	DDDRATGABGTCATN	153	8.10	77	4.07	1.97	4.5	1.33e-7	-15.83	1.90e-4	-8.57	1.18e-6	-13.65
118	JASPAR2018_CORE_non-redundant.meme	MA0062.2	Gabpa	CCGGAAGTGVV	478	25.29	347	18.36	1.38	3.7	1.47e-7	-15.73	2.09e-4	-8.47	1.28e-6	-13.57
119	JASPAR2018_CORE_non-redundant.meme	MA0493.1	Klf1	RRCCACACCCW	395	20.90	274	14.50	1.44	4.9	1.49e-7	-15.72	2.11e-4	-8.46	1.28e-6	-13.57
120	JASPAR2018_CORE_non-redundant.meme	MA0043.2	HLF	NVTTACRTAAYH	190	10.05	105	5.56	1.8	7.3	1.49e-7	-15.72	2.12e-4	-8.46	1.28e-6	-13.57
121	JASPAR2018_CORE_non-redundant.meme	MA0419.1	YAP7	ATTAGTAAKCA	174	9.21	93	4.92	1.86	7.3	1.58e-7	-15.66	2.25e-4	-8.40	1.35e-6	-13.51
122	JASPAR2018_CORE_non-redundant.meme	MA0620.2	MITF	NNDRGTCACGTGACYHNN	199	10.53	113	5.98	1.75	4.7	2.18e-7	-15.34	3.11e-4	-8.08	1.85e-6	-13.20
123	JASPAR2018_CORE_non-redundant.meme	MA0585.1	AGL1	NTTDCCWWWWHDGGWAAN	39	2.06	6	0.32	5.71	12	2.35e-7	-15.26	3.34e-4	-8.00	1.98e-6	-13.13
124	JASPAR2018_CORE_non-redundant.meme	MA0833.1	ATF4	GKATGAYGCAATM	211	11.16	123	6.51	1.71	3.9	2.71e-7	-15.12	3.85e-4	-7.86	2.25e-6	-13.01
125	JASPAR2018_CORE_non-redundant.meme	MA1333.1	AT4G18890	YGCACGTGTGR	84	4.44	31	1.64	2.66	6.8	2.74e-7	-15.11	3.89e-4	-7.85	2.25e-6	-13.01
126	JASPAR2018_CORE_non-redundant.meme	MA1336.1	TGA3	DRTGACGTCAKCAW	84	4.44	31	1.64	2.66	5.4	2.74e-7	-15.11	3.89e-4	-7.85	2.25e-6	-13.01
127	JASPAR2018_CORE_non-redundant.meme	MA0656.1	JDP2(var.2)	GATGACGTCAYC	43	2.28	8	0.42	4.89	8.3	2.92e-7	-15.05	4.15e-4	-7.79	2.38e-6	-12.95
128	JASPAR2018_CORE_non-redundant.meme	MA0762.1	ETV2	AACCGGAAATR	400	21.16	283	14.97	1.41	1.1	4.48e-7	-14.62	6.37e-4	-7.36	3.63e-6	-12.53
129	JASPAR2018_CORE_non-redundant.meme	MA0626.1	Npas2	NSCACGTGTN	95	5.03	39	2.06	2.4	11	4.68e-7	-14.58	6.65e-4	-7.32	3.76e-6	-12.49
130	JASPAR2018_CORE_non-redundant.meme	MA1203.1	AGL63	TKCCAAAAATGGMAA	42	2.22	8	0.42	4.78	11	5.00e-7	-14.51	7.10e-4	-7.25	3.98e-6	-12.43
131	JASPAR2018_CORE_non-redundant.meme	MA1131.1	FOSL2::JUN(var.2)	GRTGACGTMAT	74	3.92	26	1.38	2.78	11	6.10e-7	-14.31	8.67e-4	-7.05	4.82e-6	-12.24
132	JASPAR2018_CORE_non-redundant.meme	MA0307.1	GLN3	GATAA	430	22.75	311	16.46	1.38	8.4	6.41e-7	-14.26	9.11e-4	-7.00	5.03e-6	-12.20
133	JASPAR2018_CORE_non-redundant.meme	MA0664.1	MLXIPL	RTCACGTGAT	195	10.32	113	5.98	1.72	6.8	6.47e-7	-14.25	9.19e-4	-6.99	5.03e-6	-12.20
134	JASPAR2018_CORE_non-redundant.meme	MA0842.1	NRL	DWWNTGCTGAC	205	10.85	121	6.40	1.69	8.9	6.75e-7	-14.21	9.60e-4	-6.95	5.22e-6	-12.16
135	JASPAR2018_CORE_non-redundant.meme	MA0608.1	Creb3l2	GCCACGTGD	120	6.35	57	3.02	2.09	6.6	7.18e-7	-14.15	1.02e-3	-6.89	5.51e-6	-12.11
136	JASPAR2018_CORE_non-redundant.meme	MA0831.2	TFE3	CACGTGAY	83	4.39	32	1.69	2.55	11	7.57e-7	-14.09	1.08e-3	-6.83	5.76e-6	-12.06
137	JASPAR2018_CORE_non-redundant.meme	MA0940.1	AP1	MYAAAAAWRGAAA	65	3.44	21	1.11	3	12	8.29e-7	-14.00	1.18e-3	-6.74	6.23e-6	-11.99
138	JASPAR2018_CORE_non-redundant.meme	MA0761.1	ETV1	ACCGGAAGTD	330	17.46	225	11.90	1.46	6.7	8.30e-7	-14.00	1.18e-3	-6.74	6.23e-6	-11.99
139	JASPAR2018_CORE_non-redundant.meme	MA0840.1	Creb5	NATGACGTCAYH	32	1.69	4	0.21	6.6	12	8.77e-7	-13.95	1.25e-3	-6.69	6.53e-6	-11.94
140	JASPAR2018_CORE_non-redundant.meme	MA0001.2	AGL3	VKTWCCAWWWATAGWWMN	63	3.33	20	1.06	3.05	10	9.48e-7	-13.87	1.35e-3	-6.61	7.01e-6	-11.87
141	JASPAR2018_CORE_non-redundant.meme	MA0962.1	BHLH34	GCACGTGK	94	4.97	40	2.12	2.32	11	1.17e-6	-13.66	1.67e-3	-6.40	8.59e-6	-11.67
142	JASPAR2018_CORE_non-redundant.meme	MA0960.1	BHLH104	GGCACGTGCC	74	3.92	27	1.43	2.68	6.8	1.18e-6	-13.65	1.67e-3	-6.39	8.59e-6	-11.67
143	JASPAR2018_CORE_non-redundant.meme	MA0598.2	EHF	WACCCGGAAGTA	447	23.65	329	17.41	1.36	2.7	1.19e-6	-13.64	1.69e-3	-6.38	8.61e-6	-11.66
144	JASPAR2018_CORE_non-redundant.meme	MA0759.1	ELK3	ACCGGAAGTD	337	17.83	233	12.33	1.44	6	1.35e-6	-13.51	1.92e-3	-6.25	9.72e-6	-11.54
145	JASPAR2018_CORE_non-redundant.meme	MA0562.1	PIF5	TCACGTGS	57	3.02	17	0.90	3.22	13	1.37e-6	-13.50	1.95e-3	-6.24	9.79e-6	-11.53
146	JASPAR2018_CORE_non-redundant.meme	MA1342.1	bZIP50	TGMTGACGTCAYHHHHY	55	2.91	16	0.85	3.29	7.6	1.53e-6	-13.39	2.18e-3	-6.13	1.09e-5	-11.43
147	JASPAR2018_CORE_non-redundant.meme	MA1143.1	FOSL1::JUND(var.2)	RTGACGTMAY	203	10.74	122	6.46	1.66	8.8	1.56e-6	-13.37	2.22e-3	-6.11	1.10e-5	-11.42
148	JASPAR2018_CORE_non-redundant.meme	MA0645.1	ETV6	MSCGGAAGTR	70	3.70	25	1.32	2.73	11	1.62e-6	-13.33	2.31e-3	-6.07	1.14e-5	-11.39
149	JASPAR2018_CORE_non-redundant.meme	MA0472.2	EGR2	MCGCCCACGCA	502	26.56	381	20.16	1.32	2.7	1.93e-6	-13.16	2.75e-3	-5.90	1.34e-5	-11.22
150	JASPAR2018_CORE_non-redundant.meme	MA0060.3	NFYA	RRCCAATCAGM	74	3.92	28	1.48	2.59	11	2.21e-6	-13.02	3.15e-3	-5.76	1.53e-5	-11.09
151	JASPAR2018_CORE_non-redundant.meme	MA1348.1	TGA9	GMTGACGTCAY	50	2.65	14	0.74	3.4	9.5	2.97e-6	-12.73	4.23e-3	-5.47	2.04e-5	-10.80
152	JASPAR2018_CORE_non-redundant.meme	MA0560.1	PIF3	DBCCACGTGR	68	3.60	25	1.32	2.65	12	3.65e-6	-12.52	5.19e-3	-5.26	2.49e-5	-10.60
153	JASPAR2018_CORE_non-redundant.meme	MA1070.1	TGA7	NRTGACGTCA	63	3.33	22	1.16	2.78	12	3.91e-6	-12.45	5.56e-3	-5.19	2.65e-5	-10.54
154	JASPAR2018_CORE_non-redundant.meme	MA0517.1	STAT1::STAT2	THAGTTTCRKTTTCY	102	5.40	48	2.54	2.1	8	4.10e-6	-12.40	5.83e-3	-5.14	2.76e-5	-10.50
155	JASPAR2018_CORE_non-redundant.meme	MA1126.1	FOS::JUN(var.2)	DRTGACGTCATHNDTN	86	4.55	37	1.96	2.29	10	4.20e-6	-12.38	5.98e-3	-5.12	2.81e-5	-10.48
156	JASPAR2018_CORE_non-redundant.meme	MA0080.4	SPI1	AAAAAGCGGAAGTW	69	3.65	26	1.38	2.59	2.4	4.60e-6	-12.29	6.54e-3	-5.03	3.05e-5	-10.40
157	JASPAR2018_CORE_non-redundant.meme	MA1129.1	FOSL1::JUN(var.2)	ATGACGTCAT	54	2.86	17	0.90	3.06	11	5.21e-6	-12.16	7.41e-3	-4.90	3.44e-5	-10.28
158	JASPAR2018_CORE_non-redundant.meme	MA1411.1	TSAR1	NGCACGTGCD	67	3.54	25	1.32	2.62	10	5.44e-6	-12.12	7.73e-3	-4.86	3.54e-5	-10.25
159	JASPAR2018_CORE_non-redundant.meme	MA1140.1	JUNB(var.2)	RTGACGTCAY	94	4.97	43	2.28	2.16	9.8	5.47e-6	-12.12	7.78e-3	-4.86	3.54e-5	-10.25
160	JASPAR2018_CORE_non-redundant.meme	MA1361.1	bHLH18	CRCGTKWWHCACGTGKN	94	4.97	43	2.28	2.16	6.8	5.47e-6	-12.12	7.78e-3	-4.86	3.54e-5	-10.25
161	JASPAR2018_CORE_non-redundant.meme	MA0686.1	SPDEF	AMCCGGATGTR	231	12.22	149	7.88	1.55	3.7	5.52e-6	-12.11	7.85e-3	-4.85	3.55e-5	-10.25
162	JASPAR2018_CORE_non-redundant.meme	MA1204.1	AGL13	TTWCCAAAAAWRGWAAAW	62	3.28	22	1.16	2.74	5.5	5.90e-6	-12.04	8.40e-3	-4.78	3.77e-5	-10.18
163	JASPAR2018_CORE_non-redundant.meme	MA0028.2	ELK1	ACCGGAAGTR	319	16.88	224	11.85	1.42	3.5	6.27e-6	-11.98	8.91e-3	-4.72	3.98e-5	-10.13
164	JASPAR2018_CORE_non-redundant.meme	MA0584.1	SEP1	HWTWCCAWAWWTRGWAAK	74	3.92	30	1.59	2.42	9.6	7.27e-6	-11.83	1.03e-2	-4.57	4.59e-5	-9.99
165	JASPAR2018_CORE_non-redundant.meme	MA1069.1	TGA6	NATGACGTCA	44	2.33	12	0.63	3.46	13	9.11e-6	-11.61	1.30e-2	-4.35	5.68e-5	-9.78
166	JASPAR2018_CORE_non-redundant.meme	MA1346.1	TGA10	DWTGMTGACGTCAYH	44	2.33	12	0.63	3.46	11	9.11e-6	-11.61	1.30e-2	-4.35	5.68e-5	-9.78
167	JASPAR2018_CORE_non-redundant.meme	MA0558.1	FLC	WNWWDCCMAAAATRGAAAGWW	64	3.39	24	1.27	2.6	10	9.55e-6	-11.56	1.36e-2	-4.30	5.92e-5	-9.73
168	JASPAR2018_CORE_non-redundant.meme	MA1188.1	At3g11280	AWYCTTATCTTHWY	475	25.13	366	19.37	1.3	3.5	1.18e-5	-11.35	1.68e-2	-4.09	7.27e-5	-9.53
169	JASPAR2018_CORE_non-redundant.meme	MA1139.1	FOSL2::JUNB(var.2)	DATGACGTCATH	80	4.23	35	1.85	2.25	9	1.24e-5	-11.30	1.77e-2	-4.04	7.62e-5	-9.48
170	JASPAR2018_CORE_non-redundant.meme	MA0763.1	ETV3	ACCGGAAGTR	158	8.36	93	4.92	1.69	8.1	1.33e-5	-11.23	1.89e-2	-3.97	8.08e-5	-9.42
171	JASPAR2018_CORE_non-redundant.meme	MA1207.1	GT3a	RRCACGTGTHWAAWDTD	217	11.48	141	7.46	1.54	2	1.46e-5	-11.13	2.08e-2	-3.87	8.85e-5	-9.33
172	JASPAR2018_CORE_non-redundant.meme	MA0281.1	CBF1	GCACGTGA	133	7.04	74	3.92	1.79	9	1.51e-5	-11.10	2.15e-2	-3.84	9.12e-5	-9.30
173	xstreme_example_output_files/streme_out/streme.xml	8-GGTCACGTGABBS	STREME-8	GGTCACGTGABBS	172	9.10	105	5.56	1.63	5.7	1.76e-5	-10.95	2.50e-2	-3.69	1.05e-4	-9.16
174	JASPAR2018_CORE_non-redundant.meme	MA0569.1	MYC4	RCACGTGC	70	3.70	29	1.53	2.37	11	1.83e-5	-10.91	2.60e-2	-3.65	1.09e-4	-9.12
175	JASPAR2018_CORE_non-redundant.meme	MA1412.1	TSAR2	NGCACGTGCN	200	10.58	128	6.77	1.56	6.5	1.92e-5	-10.86	2.74e-2	-3.60	1.14e-4	-9.08
176	JASPAR2018_CORE_non-redundant.meme	MA0376.1	RTG3	RDVKKAGCACGTGCYYDNWH	190	10.05	120	6.35	1.58	6.2	2.02e-5	-10.81	2.87e-2	-3.55	1.19e-4	-9.04
177	JASPAR2018_CORE_non-redundant.meme	MA0931.1	ABI5	NGMCACGTGK	80	4.23	36	1.90	2.19	11	2.07e-5	-10.79	2.94e-2	-3.53	1.21e-4	-9.02
178	JASPAR2018_CORE_non-redundant.meme	MA0549.1	BZR2	MRCACGTGKSV	74	3.92	32	1.69	2.27	10	2.18e-5	-10.74	3.09e-2	-3.48	1.27e-4	-8.97
179	xstreme_example_output_files/streme_out/streme.xml	7-CAAGATGGC	STREME-7	CAAGATGGC	183	9.68	115	6.08	1.59	5.7	2.47e-5	-10.61	3.51e-2	-3.35	1.43e-4	-8.86
180	JASPAR2018_CORE_non-redundant.meme	MA0663.1	MLX	RTCACGTGAT	154	8.15	92	4.87	1.67	5.1	2.66e-5	-10.53	3.79e-2	-3.27	1.53e-4	-8.78
181	JASPAR2018_CORE_non-redundant.meme	MA0773.1	MEF2D	DCTAWAAATAGM	38	2.01	10	0.53	3.55	6.2	2.78e-5	-10.49	3.96e-2	-3.23	1.59e-4	-8.75
182	JASPAR2018_CORE_non-redundant.meme	MA0095.2	YY1	CAARATGGCBGC	100	5.29	51	2.70	1.94	7.8	2.93e-5	-10.44	4.17e-2	-3.18	1.67e-4	-8.70

# SEA (Simple Enrichment Analysis): Version 5.4.0 compiled on Aug 22 2021 at 08:32:52
# The format of this file is described at https://meme-suite.org/meme/doc/sea-output-format.html.
# sea --verbosity 1 --oc xstreme_example_output_files/sea_out --thresh 0.05 --order 2 --bfile xstreme_example_output_files/background --seed 0 --align center --motif-pseudo 0.01 --m xstreme_example_output_files/meme_out/meme.xml --m xstreme_example_output_files/streme_out/streme.xml --m JASPAR2018_CORE_non-redundant.meme --p nrmix.nseqs.100.100bp.seed.1.fa
